id,format,mode,width_px,height_px,img_array
voice156,PNG,RGBA,610,450,"[[[ 45.  17.  97. 255.]
  [ 45.  17.  97. 255.]
  [ 45.  17.  97. 255.]
  ...
  [  6.   5.  24. 255.]
  [  6.   5.  24. 255.]
  [  6.   5.  24. 255.]]

 [[ 47.  17.  99. 255.]
  [ 47.  17.  99. 255.]
  [ 47.  17.  99. 255.]
  ...
  [ 13.  10.  41. 255.]
  [ 13.  10.  41. 255.]
  [ 13.  10.  41. 255.]]

 [[ 47.  17.  99. 255.]
  [ 47.  17.  99. 255.]
  [ 47.  17.  99. 255.]
  ...
  [ 24.  15.  61. 255.]
  [ 24.  15.  61. 255.]
  [ 24.  15.  61. 255.]]

 ...

 [[247. 112.  92. 255.]
  [247. 112.  92. 255.]
  [247. 112.  92. 255.]
  ...
  [246. 110.  92. 255.]
  [246. 110.  92. 255.]
  [246. 110.  92. 255.]]

 [[252. 138.  98. 255.]
  [252. 138.  98. 255.]
  [252. 138.  98. 255.]
  ...
  [252. 137.  97. 255.]
  [252. 137.  97. 255.]
  [252. 137.  97. 255.]]

 [[254. 207. 146. 255.]
  [254. 207. 146. 255.]
  [254. 207. 146. 255.]
  ...
  [254. 207. 146. 255.]
  [254. 207. 146. 255.]
  [254. 207. 146. 255.]]]"
voice142,PNG,RGBA,610,450,"[[[ 47.  17.  99. 255.]
  [ 47.  17.  99. 255.]
  [ 47.  17.  99. 255.]
  ...
  [  6.   5.  24. 255.]
  [  6.   5.  24. 255.]
  [  6.   5.  24. 255.]]

 [[ 47.  17.  99. 255.]
  [ 47.  17.  99. 255.]
  [ 47.  17.  99. 255.]
  ...
  [ 13.  10.  41. 255.]
  [ 13.  10.  41. 255.]
  [ 13.  10.  41. 255.]]

 [[ 47.  17.  99. 255.]
  [ 47.  17.  99. 255.]
  [ 47.  17.  99. 255.]
  ...
  [ 24.  15.  61. 255.]
  [ 24.  15.  61. 255.]
  [ 24.  15.  61. 255.]]

 ...

 [[247. 112.  92. 255.]
  [247. 112.  92. 255.]
  [247. 112.  92. 255.]
  ...
  [246. 110.  92. 255.]
  [246. 110.  92. 255.]
  [246. 110.  92. 255.]]

 [[252. 138.  98. 255.]
  [252. 138.  98. 255.]
  [252. 138.  98. 255.]
  ...
  [252. 137.  97. 255.]
  [252. 137.  97. 255.]
  [252. 137.  97. 255.]]

 [[254. 207. 146. 255.]
  [254. 207. 146. 255.]
  [254. 207. 146. 255.]
  ...
  [254. 207. 146. 255.]
  [254. 207. 146. 255.]
  [254. 207. 146. 255.]]]"
voice195,PNG,RGBA,610,450,"[[[ 47.  17.  99. 255.]
  [ 47.  17.  99. 255.]
  [ 47.  17.  99. 255.]
  ...
  [  6.   5.  24. 255.]
  [  6.   5.  24. 255.]
  [  6.   5.  24. 255.]]

 [[ 47.  17.  99. 255.]
  [ 47.  17.  99. 255.]
  [ 47.  17.  99. 255.]
  ...
  [ 13.  10.  41. 255.]
  [ 13.  10.  41. 255.]
  [ 13.  10.  41. 255.]]

 [[ 47.  17.  99. 255.]
  [ 47.  17.  99. 255.]
  [ 47.  17.  99. 255.]
  ...
  [ 24.  15.  61. 255.]
  [ 24.  15.  61. 255.]
  [ 24.  15.  61. 255.]]

 ...

 [[247. 112.  92. 255.]
  [247. 112.  92. 255.]
  [247. 112.  92. 255.]
  ...
  [246. 110.  92. 255.]
  [246. 110.  92. 255.]
  [246. 110.  92. 255.]]

 [[252. 138.  98. 255.]
  [252. 138.  98. 255.]
  [252. 138.  98. 255.]
  ...
  [252. 137.  97. 255.]
  [252. 137.  97. 255.]
  [252. 137.  97. 255.]]

 [[254. 207. 146. 255.]
  [254. 207. 146. 255.]
  [254. 207. 146. 255.]
  ...
  [254. 207. 146. 255.]
  [254. 207. 146. 255.]
  [254. 207. 146. 255.]]]"
